game_id,title,steam_link,krauss_1_definition,krauss_2_kontrast,krauss_3_beispiel_rossmann,krauss_4_schluss,NLI_Total
2191680,Mistwinter Bay,https://store.steampowered.com/app/2191680,99.38,99.66,97.82,99.75,99.15
597180,Old World,https://store.steampowered.com/app/597180,99.5,99.47,97.82,99.75,99.14
917720,Gamedec - Definitive Edition,https://store.steampowered.com/app/917720,99.18,98.26,98.76,97.2,98.35
2001070,Heart of the Machine,https://store.steampowered.com/app/2001070,93.49,99.55,97.61,99.69,97.58
289070,Sid Meier’s Civilization® VI,https://store.steampowered.com/app/289070,90.37,99.47,98.25,99.75,96.96
460960,The Deed: Dynasty,https://store.steampowered.com/app/460960,99.38,99.47,0.11,99.69,74.66
470310,TROUBLESHOOTER: Abandoned Children,https://store.steampowered.com/app/470310,99.5,98.94,0.02,99.38,74.46
1766720,Outlanders,https://store.steampowered.com/app/1766720,0.03,99.47,97.61,99.69,74.2
2627410,Boxing School 2,https://store.steampowered.com/app/2627410,1.07,99.47,96.15,99.75,74.11
2832320,PC Tycoon 2,https://store.steampowered.com/app/2832320,0.03,99.47,96.06,99.75,73.83
1101120,Gunsmith Simulator,https://store.steampowered.com/app/1101120,99.5,89.19,34.86,69.37,73.23
529340,Victoria 3,https://store.steampowered.com/app/529340,0.02,99.47,98.62,94.1,73.05
1638330,Darius Cozmic Collection Arcade,https://store.steampowered.com/app/1638330,87.77,0.49,97.82,99.02,71.27
2115760,Oppidum,https://store.steampowered.com/app/2115760,76.6,1.95,98.56,96.45,68.39
2289630,Shambles: Sons of Apocalypse,https://store.steampowered.com/app/2289630,99.5,57.26,0.02,99.69,64.12
1315320,The Necromancer's Tale,https://store.steampowered.com/app/1315320,40.88,98.94,0.06,99.7,59.9
674520,Fight'N Rage,https://store.steampowered.com/app/674520,71.48,60.4,9.95,87.81,57.41
760630,Tennis Elbow Manager 2,https://store.steampowered.com/app/760630,0.06,94.7,36.38,96.45,56.9
820520,Deceive Inc.,https://store.steampowered.com/app/820520,27.87,99.68,0.03,99.8,56.84
460430,The Letter - Horror Visual Novel,https://store.steampowered.com/app/460430,26.23,99.52,0.06,99.71,56.38
1308760,Mesmer,https://store.steampowered.com/app/1308760,25.79,99.47,0.03,99.69,56.24
2195630,circloO,https://store.steampowered.com/app/2195630,96.26,29.92,0.12,97.22,55.88
493900,Dungeons 3,https://store.steampowered.com/app/493900,24.96,98.94,0.03,99.38,55.83
1735700,Back to the Dawn,https://store.steampowered.com/app/1735700,19.68,99.47,0.03,97.33,54.13
972770,Thousand Threads,https://store.steampowered.com/app/972770,16.56,99.52,0.06,99.35,53.87
1366770,Pecaminosa,https://store.steampowered.com/app/1366770,22.45,89.46,0.09,99.69,52.92
370090,Axis Football 2015,https://store.steampowered.com/app/370090,8.32,99.68,99.22,3.46,52.67
1871880,Num One: Revised Edition,https://store.steampowered.com/app/1871880,27.4,55.83,27.73,99.69,52.66
2065610,Rush Rush Rally Reloaded,https://store.steampowered.com/app/2065610,0.01,99.52,8.35,99.69,51.89
1640160,G-Darius HD,https://store.steampowered.com/app/1640160,8.42,95.15,0.05,99.13,50.69
3653710,CyberControl: Another Life,https://store.steampowered.com/app/3653710,1.5,99.47,0.06,99.75,50.2
1595380,The Durka: You will (not) die,https://store.steampowered.com/app/1595380,1.35,99.52,0.02,99.71,50.15
1304550,Progressbar95,https://store.steampowered.com/app/1304550,1.07,99.52,0.03,99.75,50.09
1641830,Axis Football 2021,https://store.steampowered.com/app/1641830,1.07,99.52,0.02,99.71,50.08
1888060,雪凤山 Secret Opera,https://store.steampowered.com/app/1888060,1.07,99.47,0.04,99.69,50.07
2004640,Svarog's Dream,https://store.steampowered.com/app/2004640,1.07,99.47,0.06,99.69,50.07
1044980,Mech Mechanic Simulator,https://store.steampowered.com/app/1044980,1.07,99.47,0.03,99.69,50.06
1000030,"Cook, Serve, Delicious! 3?!",https://store.steampowered.com/app/1000030,1.07,99.47,0.02,99.69,50.06
2775430,CatMelon - Suika Game,https://store.steampowered.com/app/2775430,0.91,99.52,0.04,99.69,50.04
1558000,[ECHOSTASIS],https://store.steampowered.com/app/1558000,0.91,99.47,0.01,99.69,50.02
1144200,Ready or Not,https://store.steampowered.com/app/1144200,0.8,99.52,0.06,99.69,50.02
1296830,暖雪 Warm Snow,https://store.steampowered.com/app/1296830,1.07,99.65,0.03,99.12,49.97
3294630,Mini Racer Car Shop Simulator,https://store.steampowered.com/app/3294630,0.64,99.52,0.01,99.71,49.97
2582540,RoGlass,https://store.steampowered.com/app/2582540,0.89,98.94,0.07,99.69,49.9
1726750,Hidden Cats in Santa's Realm,https://store.steampowered.com/app/1726750,0.17,99.47,0.02,99.69,49.84
629650,Symphonic Rain,https://store.steampowered.com/app/629650,0.07,99.52,0.02,99.71,49.83
1358530,Saint Kotar,https://store.steampowered.com/app/1358530,0.14,99.47,0.01,99.69,49.83
1585400,Gjallarhorn,https://store.steampowered.com/app/1585400,0.15,98.94,0.32,99.69,49.78
1266100,Vampire: The Masquerade — Parliament of Knives,https://store.steampowered.com/app/1266100,0.07,99.34,0.03,99.69,49.78
2653460,月白星斗-Lunar Glow Stellar Dance,https://store.steampowered.com/app/2653460,0.57,99.0,0.05,99.38,49.75
334230,Town of Salem,https://store.steampowered.com/app/334230,0.14,98.94,0.03,99.69,49.7
1497640,Traitors in Salem,https://store.steampowered.com/app/1497640,0.78,98.94,0.06,98.93,49.68
3047070,X-Out: Resurfaced,https://store.steampowered.com/app/3047070,0.07,99.47,1.86,96.45,49.46
1877960,Trimps,https://store.steampowered.com/app/1877960,0.64,99.61,0.03,97.16,49.36
1086940,Baldur's Gate 3,https://store.steampowered.com/app/1086940,3.86,93.77,0.02,99.69,49.33
3475600,FriendShapes,https://store.steampowered.com/app/3475600,0.31,99.52,0.02,96.45,49.08
3162260,Doll Catching Simulator,https://store.steampowered.com/app/3162260,0.13,99.47,0.01,96.45,49.02
343710,Kholat,https://store.steampowered.com/app/343710,0.09,99.37,0.06,96.45,48.99
1587540,Anvil Saga,https://store.steampowered.com/app/1587540,0.02,99.47,0.02,96.45,48.99
718670,Cultist Simulator,https://store.steampowered.com/app/718670,1.4,99.47,0.04,94.35,48.82
501320,The Shrouded Isle,https://store.steampowered.com/app/501320,0.14,97.48,0.02,96.45,48.52
1684350,The Thaumaturge,https://store.steampowered.com/app/1684350,0.12,98.34,0.03,95.43,48.48
72900,Winter Voices,https://store.steampowered.com/app/72900,0.64,99.52,0.06,93.58,48.45
589870,Learn to Fly 3,https://store.steampowered.com/app/589870,0.91,92.56,0.27,97.89,47.91
2199510,Herald: The Interactive Period Drama – Complete Edition,https://store.steampowered.com/app/2199510,0.21,97.9,0.05,93.45,47.9
635940,Little Busters! English Edition,https://store.steampowered.com/app/635940,0.21,90.67,0.02,99.63,47.63
1575590,Alder Forge,https://store.steampowered.com/app/1575590,0.97,93.07,0.03,96.45,47.63
580720,Carrier Deck,https://store.steampowered.com/app/580720,0.15,93.84,0.02,96.45,47.62
2987170,WolfFang SkullFang Saturn Tribute Boosted,https://store.steampowered.com/app/2987170,0.15,89.77,0.07,99.69,47.42
2169120,Lords of Infinity,https://store.steampowered.com/app/2169120,0.03,92.43,0.03,97.11,47.4
1244460,Jurassic World Evolution 2,https://store.steampowered.com/app/1244460,0.06,88.77,0.03,99.69,47.14
2719130,东方裁判梦~Rookie Attorney Legendry,https://store.steampowered.com/app/2719130,0.03,91.71,0.1,96.45,47.07
1597310,Airship: Kingdoms Adrift,https://store.steampowered.com/app/1597310,3.48,99.47,0.06,85.07,47.02
1545610,Scott Whiskers in: the Search for Mr. Fumbleclaw,https://store.steampowered.com/app/1545610,0.15,86.27,0.03,99.69,46.54
978960,Starters Orders 7 Horse Racing,https://store.steampowered.com/app/978960,0.08,89.01,0.02,96.45,46.39
2058190,Lost Judgment,https://store.steampowered.com/app/2058190,0.73,90.06,0.03,93.81,46.16
2837720,Rugby League Team Manager 4,https://store.steampowered.com/app/2837720,0.27,86.42,0.04,96.45,45.8
739130,The Executioner,https://store.steampowered.com/app/739130,0.36,83.44,0.49,98.52,45.7
1952760,RGB Rush,https://store.steampowered.com/app/1952760,0.18,99.47,0.02,81.87,45.39
787860,Farming Simulator 19,https://store.steampowered.com/app/787860,0.03,81.08,0.03,96.45,44.4
1658280,Eiyuden Chronicle: Hundred Heroes,https://store.steampowered.com/app/1658280,0.13,79.81,0.03,96.45,44.1
484930,Beekyr Reloaded,https://store.steampowered.com/app/484930,0.02,79.51,0.03,96.45,44.0
1601580,Frostpunk 2,https://store.steampowered.com/app/1601580,0.25,80.27,0.03,93.64,43.55
2251020,逆光迷途 Lost in Darklight,https://store.steampowered.com/app/2251020,0.15,78.5,0.06,95.44,43.54
1807080,Ghost Exile,https://store.steampowered.com/app/1807080,57.87,14.03,0.02,99.75,42.92
1597060,Bubbaruka!,https://store.steampowered.com/app/1597060,8.44,87.03,0.07,75.92,42.86
442500,Age of Gladiators,https://store.steampowered.com/app/442500,1.5,83.52,12.88,72.88,42.69
1492210,Starlight: Eye of the Storm,https://store.steampowered.com/app/1492210,0.2,57.26,16.59,96.45,42.62
321980,Hardland,https://store.steampowered.com/app/321980,0.12,70.62,0.07,99.69,42.62
617700,Weed Shop 2,https://store.steampowered.com/app/617700,0.14,72.34,0.03,96.45,42.24
1069910,Factory Coin Mining,https://store.steampowered.com/app/1069910,0.04,76.28,0.04,91.76,42.03
1719690,MerFight,https://store.steampowered.com/app/1719690,0.1,68.91,0.02,96.45,41.37
1207650,Suzerain,https://store.steampowered.com/app/1207650,0.08,99.47,0.06,64.03,40.91
2294450,CaseCracker2,https://store.steampowered.com/app/2294450,7.26,99.47,0.02,55.8,40.64
1597400,LOST EGG 2: Be together,https://store.steampowered.com/app/1597400,0.06,72.63,0.01,89.36,40.52
1627720,Lies of P,https://store.steampowered.com/app/1627720,0.2,65.06,0.02,94.34,39.9
1857090,Norland,https://store.steampowered.com/app/1857090,0.05,62.11,0.01,95.34,39.38
223850,3DMark,https://store.steampowered.com/app/223850,0.08,57.26,3.4,96.45,39.3
2729360,虚构未来（Imaginary future）,https://store.steampowered.com/app/2729360,0.08,68.38,0.06,86.75,38.82
2819750,Deathless Death,https://store.steampowered.com/app/2819750,0.67,57.26,0.02,96.45,38.6
